professional_id,professional_name,profile_creation_date
1001,Prof_User_1001,2024-07-03
1002,Prof_User_1002,2025-03-30
1003,Prof_User_1003,2025-05-14
1004,Prof_User_1004,2025-01-06
1005,Prof_User_1005,2025-01-21
1006,Prof_User_1006,2025-02-01
1007,Prof_User_1007,2025-03-16
1008,Prof_User_1008,2025-04-04
1009,Prof_User_1009,2024-06-14
1010,Prof_User_1010,2024-08-20
1011,Prof_User_1011,2025-04-12
1012,Prof_User_1012,2024-07-28
1013,Prof_User_1013,2024-10-22
1014,Prof_User_1014,2025-05-10
1015,Prof_User_1015,2025-05-11
1016,Prof_User_1016,2025-04-09
1017,Prof_User_1017,2025-02-04
1018,Prof_User_1018,2025-01-27
1019,Prof_User_1019,2024-09-10
1020,Prof_User_1020,2024-07-22
1021,Prof_User_1021,2025-05-13
1022,Prof_User_1022,2024-08-12
1023,Prof_User_1023,2025-02-14
1024,Prof_User_1024,2024-06-28
1025,Prof_User_1025,2024-06-01
1026,Prof_User_1026,2024-08-20
1027,Prof_User_1027,2024-10-24
1028,Prof_User_1028,2025-02-03
1029,Prof_User_1029,2024-10-09
1030,Prof_User_1030,2024-07-29
1031,Prof_User_1031,2025-01-04
1032,Prof_User_1032,2025-05-23
1033,Prof_User_1033,2025-03-06
1034,Prof_User_1034,2024-06-03
1035,Prof_User_1035,2024-10-22
1036,Prof_User_1036,2024-12-03
1037,Prof_User_1037,2025-01-04
1038,Prof_User_1038,2025-03-08
1039,Prof_User_1039,2025-02-05
1040,Prof_User_1040,2024-12-05
1041,Prof_User_1041,2025-04-04
1042,Prof_User_1042,2025-04-09
1043,Prof_User_1043,2024-11-13
1044,Prof_User_1044,2025-04-07
1045,Prof_User_1045,2024-11-24
1046,Prof_User_1046,2024-12-01
1047,Prof_User_1047,2024-07-21
1048,Prof_User_1048,2025-01-11
1049,Prof_User_1049,2025-05-04
1050,Prof_User_1050,2024-10-03
1051,Prof_User_1051,2024-08-25
1052,Prof_User_1052,2025-03-24
1053,Prof_User_1053,2024-11-14
1054,Prof_User_1054,2025-04-16
1055,Prof_User_1055,2024-08-17
1056,Prof_User_1056,2024-12-27
1057,Prof_User_1057,2024-07-09
1058,Prof_User_1058,2024-07-14
1059,Prof_User_1059,2024-11-22
1060,Prof_User_1060,2024-08-04
1061,Prof_User_1061,2025-02-17
1062,Prof_User_1062,2024-05-31
1063,Prof_User_1063,2025-04-21
1064,Prof_User_1064,2025-05-03
1065,Prof_User_1065,2024-06-22
1066,Prof_User_1066,2025-01-30
1067,Prof_User_1067,2024-12-29
1068,Prof_User_1068,2025-04-16
1069,Prof_User_1069,2025-01-27
1070,Prof_User_1070,2025-04-05
1071,Prof_User_1071,2024-11-13
1072,Prof_User_1072,2025-01-04
1073,Prof_User_1073,2024-10-06
1074,Prof_User_1074,2024-07-05
1075,Prof_User_1075,2024-11-21
1076,Prof_User_1076,2025-03-04
1077,Prof_User_1077,2024-11-18
1078,Prof_User_1078,2024-11-26
1079,Prof_User_1079,2025-02-08
1080,Prof_User_1080,2024-06-17
1081,Prof_User_1081,2025-01-10
1082,Prof_User_1082,2024-06-01
1083,Prof_User_1083,2024-06-11
1084,Prof_User_1084,2024-06-29
1085,Prof_User_1085,2025-04-20
1086,Prof_User_1086,2024-07-19
1087,Prof_User_1087,2024-07-05
1088,Prof_User_1088,2025-02-28
1089,Prof_User_1089,2024-08-26
1090,Prof_User_1090,2025-01-21
1091,Prof_User_1091,2025-03-04
1092,Prof_User_1092,2024-10-02
1093,Prof_User_1093,2024-11-13
1094,Prof_User_1094,2025-01-08
1095,Prof_User_1095,2024-07-03
1096,Prof_User_1096,2024-06-08
1097,Prof_User_1097,2024-08-14
1098,Prof_User_1098,2025-02-03
1099,Prof_User_1099,2024-06-10
1100,Prof_User_1100,2024-12-11
